date,pageview,month-day,year,month_name,month_num,day,z_score
2024-01-01,417672,01-01,2024,January,1,1,-0.20552987600226197
2025-01-01,206501,01-01,2025,January,1,1,-0.38591614235580923
2024-01-02,523028,01-02,2024,January,1,2,0.09176250587744908
2025-01-02,236962,01-02,2025,January,1,2,-0.2237765691820623
2024-01-03,500106,01-03,2024,January,1,3,0.02708146277172433
2025-01-03,234169,01-03,2025,January,1,3,-0.2386433111758995
2024-01-04,531352,01-04,2024,January,1,4,0.11525107593294392
2025-01-04,230059,01-04,2025,January,1,4,-0.26052025696704556
2024-01-05,492726,01-05,2024,January,1,5,0.006256661352989113
2025-01-05,250346,01-05,2025,January,1,5,-0.15253543962763436
2024-01-06,473508,01-06,2024,January,1,6,-0.04797247600002625
2025-01-06,287179,01-06,2025,January,1,6,0.04352138380917406
2024-01-07,537714,01-07,2024,January,1,7,0.13320329634297012
2025-01-07,322143,01-07,2025,January,1,7,0.2296297859117606
2024-01-08,608572,01-08,2024,January,1,8,0.3331496078509295
2025-01-08,416747,01-08,2025,January,1,8,0.7331934305895176
2024-01-09,719428,01-09,2024,January,1,9,0.6459618281863375
2025-01-09,587541,01-09,2025,January,1,9,1.6423056153712692
2024-01-10,757766,01-10,2024,January,1,10,0.7541435675889758
2025-01-10,511183,01-10,2025,January,1,10,1.2358628351473444
2024-01-11,703374,01-11,2024,January,1,11,0.6006608306285631
2025-01-11,369015,01-11,2025,January,1,11,0.4791227793722467
2024-01-12,592290,01-12,2024,January,1,12,0.2872052424444462
2025-01-12,390335,01-12,2025,January,1,12,0.5926061088776564
2024-01-13,492810,01-13,2024,January,1,13,0.006493691613039758
2025-01-13,412029,01-13,2025,January,1,13,0.7080801872214818
2024-01-14,577974,01-14,2024,January,1,14,0.246808513838672
2025-01-14,412459,01-14,2025,January,1,14,0.7103690160998742
2024-01-15,703694,01-15,2024,January,1,15,0.6015638030478037
2025-01-15,391725,01-15,2025,January,1,15,0.6000048812985063
2024-01-16,976884,01-16,2024,January,1,16,1.3724482880863231
2025-01-16,467288,01-16,2025,January,1,16,1.0022159895263334
2024-01-17,832630,01-17,2024,January,1,17,0.9653939650703028
2025-01-17,461814,01-17,2025,January,1,17,0.9730786656186122
2024-01-18,739986,01-18,2024,January,1,18,0.7039721625449227
2025-01-18,350232,01-18,2025,January,1,18,0.3791435402493522
2024-01-19,660724,01-19,2024,January,1,19,0.48031153787665837
2025-01-19,514832,01-19,2025,January,1,19,1.2552859434665395
2024-01-20,510570,01-20,2024,January,1,20,0.05660866088089036
2025-01-20,2080377,01-20,2025,January,1,20,9.588459446775481
2024-01-21,603916,01-21,2024,January,1,21,0.32001135915097945
2025-01-21,2045827,01-21,2025,January,1,21,9.404554707825579
2024-01-22,752360,01-22,2024,January,1,22,0.7388889772814308
2025-01-22,1094063,01-22,2025,January,1,22,4.338450222676106
2024-01-23,748998,01-23,2024,January,1,23,0.7294021233017847
2025-01-23,863393,01-23,2025,January,1,23,3.1106266008649968
2024-01-24,838874,01-24,2024,January,1,24,0.9830132144007341
2025-01-24,675620,01-24,2025,January,1,24,2.1111376125338857
2024-01-25,691242,01-25,2024,January,1,25,0.5664268887841057
2025-01-25,558830,01-25,2025,January,1,25,1.4894810434467936
2024-01-26,560592,01-26,2024,January,1,26,0.1977601807410493
2025-01-26,533004,01-26,2025,January,1,26,1.3520129164389743
2024-01-27,517980,01-27,2024,January,1,27,0.07751811596392938
2025-01-27,492509,01-27,2025,January,1,27,1.1364637875308332
2024-01-28,606398,01-28,2024,January,1,28,0.327015038977714
2025-01-28,490360,01-28,2025,January,1,28,1.125024965996728
2024-01-29,735728,01-29,2024,January,1,29,0.6919569857914031
2025-01-29,447680,01-29,2025,January,1,29,0.8978453926716394
2024-01-30,740336,01-30,2024,January,1,30,0.7049597886284671
2025-01-30,399096,01-30,2025,January,1,30,0.6392396665604375
2024-01-31,725934,01-31,2024,January,1,31,0.664320386185022
2025-01-31,352364,01-31,2025,January,1,31,0.39049187319989315
2024-02-01,655760,02-01,2024,February,2,1,0.4663041782231893
2025-02-01,313646,02-01,2025,February,2,1,0.18440146270315522
2024-02-02,570106,02-02,2024,February,2,2,0.22460667948059496
2025-02-02,411164,02-02,2025,February,2,2,0.7034759151754133
2024-02-03,464958,02-03,2024,February,2,3,-0.07209877032660973
2025-02-03,508275,02-03,2025,February,2,3,1.2203839644999837
2024-02-04,565850,02-04,2024,February,2,4,0.21259714630469562
2025-02-04,446247,02-04,2025,February,2,4,0.8902177373629503
2024-02-05,661372,02-05,2024,February,2,5,0.48214005702562046
2025-02-05,412456,02-05,2025,February,2,5,0.710353047526304
2023-02-06,270628,02-06,2023,February,2,6,-0.8165161320337384
2024-02-06,708892,02-06,2024,February,2,6,0.6162314612828423
2025-02-06,363218,02-06,2025,February,2,6,0.44826617237680294
2023-02-07,438756,02-07,2023,February,2,7,-0.17804859474362383
2024-02-07,689940,02-07,2024,February,2,7,0.5627529197533206
2025-02-07,306220,02-07,2025,February,2,7,0.14487392025910398
2023-02-08,441569,02-08,2023,February,2,8,-0.1673662028612658
2024-02-08,683864,02-08,2024,February,2,8,0.5456077309429908
2025-02-08,270783,02-08,2025,February,2,8,-0.043752193609714184
2023-02-09,423647,02-09,2023,February,2,9,-0.2354251532045366
2024-02-09,680704,02-09,2024,February,2,9,0.5366908783029902
2025-02-09,300322,02-09,2025,February,2,9,0.11347970462013089
2023-02-10,376265,02-10,2023,February,2,10,-0.41535870889948456
2024-02-10,528496,02-10,2024,February,2,10,0.107192047091222
2025-02-10,330853,02-10,2025,February,2,10,0.2759918778438487
2023-02-11,279983,02-11,2023,February,2,11,-0.7809904384470127
2024-02-11,559272,02-11,2024,February,2,11,0.19403541951168204
2025-02-11,329979,02-11,2025,February,2,11,0.2713397000770697
2023-02-12,335303,02-12,2023,February,2,12,-0.5709122589475293
2024-02-12,612554,02-12,2024,February,2,12,0.3443859708928541
2025-02-12,316130,02-12,2025,February,2,12,0.19762344161926393
2023-02-13,422908,02-13,2023,February,2,13,-0.23823151210999788
2024-02-13,616028,02-13,2024,February,2,13,0.3541888652192343
2025-02-13,349515,02-13,2025,February,2,13,0.3753270511660793
2023-02-14,398346,02-14,2023,February,2,14,-0.33150592000707507
2024-02-14,551174,02-14,2024,February,2,14,0.17118457372727583
2025-02-14,331872,02-14,2025,February,2,14,0.281415869999853
2023-02-15,413469,02-15,2023,February,2,15,-0.2740761964248139
2024-02-15,620946,02-15,2024,February,2,15,0.36806642258743755
2025-02-15,273234,02-15,2025,February,2,15,-0.030705869002877452
2023-02-16,422648,02-16,2023,February,2,16,-0.23921886436361078
2024-02-16,554968,02-16,2024,February,2,16,0.18189044047289663
2025-02-16,296864,02-16,2025,February,2,16,0.09507326215157054
2023-02-17,366554,02-17,2023,February,2,17,-0.4522363155719264
2024-02-17,484294,02-17,2024,February,2,17,-0.017536661893999418
2025-02-17,305337,02-17,2025,February,2,17,0.14017383677161446
2023-02-18,287343,02-18,2023,February,2,18,-0.7530407746524321
2024-02-18,539164,02-18,2024,February,2,18,0.1372948901176539
2025-02-18,300256,02-18,2025,February,2,18,0.11312839600158694
2023-02-19,333515,02-19,2023,February,2,19,-0.5777022044454518
2024-02-19,684266,02-19,2024,February,2,19,0.5467420900446617
2025-02-19,336904,02-19,2025,February,2,19,0.30820049073490097
2023-02-20,408949,02-20,2023,February,2,20,-0.29124093560300746
2024-02-20,667064,02-20,2024,February,2,20,0.49820167893286177
2025-02-20,353680,02-20,2025,February,2,20,0.39749675413934527
2023-02-21,433084,02-21,2023,February,2,21,-0.19958806390705605
2024-02-21,672472,02-21,2024,February,2,21,0.5134619128180271
2025-02-21,310448,02-21,2025,February,2,21,0.16737896327734378
2023-02-22,486176,02-22,2023,February,2,22,0.002029266280698301
2024-02-22,638318,02-22,2024,February,2,22,0.417086537796959
2025-02-22,271566,02-22,2025,February,2,22,-0.039584395907897314
2023-02-23,442036,02-23,2023,February,2,23,-0.1655927663134303
2024-02-23,523982,02-23,2024,February,2,23,0.09445449240230998
2025-02-23,276647,02-23,2025,February,2,23,-0.012538955137869793
2023-02-24,369223,02-24,2023,February,2,24,-0.4421007649377232
2024-02-24,434950,02-24,2024,February,2,24,-0.15677500894089244
2025-02-24,298532,02-24,2025,February,2,24,0.1039517890565904
2023-02-25,309446,02-25,2023,February,2,25,-0.6691044405693323
2024-02-25,659410,02-25,2024,February,2,25,0.47660370738015184
2025-02-25,307045,02-25,2025,February,2,25,0.1492652779909034
2023-02-26,353218,02-26,2023,February,2,26,-0.5028798911649327
2024-02-26,729384,02-26,2024,February,2,26,0.6740555575799592
2025-02-26,315786,02-26,2025,February,2,26,0.19579237851655001
2023-02-27,473759,02-27,2023,February,2,27,-0.045124398846653195
2024-02-27,840424,02-27,2024,February,2,27,0.9873869870564305
2025-02-27,321074,02-27,2025,February,2,27,0.22393965086291992
2023-02-28,471824,02-28,2023,February,2,28,-0.05247257811873382
2024-02-28,733952,02-28,2024,February,2,28,0.686945488864618
2025-02-28,323246,02-28,2025,February,2,28,0.23550089812772995
2024-02-29,682740,02-29,2024,February,2,29,0.5424360403204083
2023-03-01,473686,03-01,2023,March,3,1,-0.04540161697939836
2024-03-01,585596,03-01,2024,March,3,1,0.2683161881494579
2025-03-01,382466,03-01,2025,March,3,1,0.5507205404030753
2023-03-02,499540,03-02,2023,March,3,2,0.0527791721164014
2024-03-02,476522,03-02,2024,March,3,2,-0.03946760452630431
2025-03-02,355842,03-02,2025,March,3,2,0.40900477282558806
2023-03-03,407641,03-03,2023,March,3,3,-0.29620807694041384
2024-03-03,555878,03-03,2024,March,3,3,0.18445826829011194
2025-03-03,424889,03-03,2025,March,3,3,0.776532139258985
2023-03-04,299996,03-04,2023,March,3,4,-0.7049908974794935
2024-03-04,729146,03-04,2024,March,3,4,0.673383971843149
2025-03-04,427013,03-04,2025,March,3,4,0.7878378893466722
2023-03-05,367790,03-05,2023,March,3,5,-0.4475425948585974
2024-03-05,803558,03-05,2024,March,3,5,0.8833589207822987
2025-03-05,466801,03-05,2025,March,3,5,0.9996237577501075
2023-03-06,459923,03-06,2023,March,3,6,-0.09766672877353048
2024-03-06,909180,03-06,2024,March,3,6,1.1814018984855035
2025-03-06,400611,03-06,2025,March,3,6,0.6473037962133782
2023-03-07,436573,03-07,2023,March,3,7,-0.18633855616530445
2024-03-07,699470,03-07,2024,March,3,7,0.5896445671138284
2025-03-07,360508,03-07,2025,March,3,7,0.43384122758507404
2023-03-08,439258,03-08,2023,March,3,8,-0.17614224539241738
2024-03-08,583106,03-08,2024,March,3,8,0.2612899340122424
2025-03-08,277956,03-08,2025,March,3,8,-0.0055713342034147606
2023-03-09,459535,03-09,2023,March,3,9,-0.09914016213661435
2024-03-09,462978,03-09,2024,March,3,9,-0.07768591217066065
2025-03-09,296739,03-09,2025,March,3,9,0.09440790491947972
2023-03-10,397493,03-10,2023,March,3,10,-0.33474519490065896
2024-03-10,531994,03-10,2024,March,3,10,0.11706266434904528
2025-03-10,324552,03-10,2025,March,3,10,0.2424525504886148
2023-03-11,320481,03-11,2023,March,3,11,-0.6271989324208002
2024-03-11,612196,03-11,2024,March,3,11,0.3433757704988287
2025-03-11,318471,03-11,2025,March,3,11,0.21008425186186075
2023-03-12,388922,03-12,2023,March,3,12,-0.367293641691875
2024-03-12,713684,03-12,2024,March,3,12,0.6297534732609696
2025-03-12,298813,03-12,2025,March,3,12,0.10544751211433055
2023-03-13,464508,03-13,2023,March,3,13,-0.08025515153193376
2024-03-13,757110,03-13,2024,March,3,13,0.7522924741295327
2025-03-13,283520,03-13,2025,March,3,13,0.024045046911411672
2023-03-14,513716,03-14,2023,March,3,14,0.10661265499031095
2024-03-14,656952,03-14,2024,March,3,14,0.46966775048486037
2025-03-14,256171,03-14,2025,March,3,14,-0.1215297926122023
2023-03-15,512262,03-15,2023,March,3,15,0.10109107738741419
2024-03-15,535396,03-15,2024,March,3,15,0.1266623898810964
2025-03-15,229477,03-15,2025,March,3,15,-0.2636181602396604
2023-03-16,475811,03-16,2023,March,3,16,-0.03733191106044676
2024-03-16,409618,03-16,2024,March,3,16,-0.2282565630790226
2025-03-16,236716,03-16,2025,March,3,16,-0.225085992214817
2023-03-17,414830,03-17,2023,March,3,17,-0.26890778712801716
2024-03-17,481360,03-17,2024,March,3,17,-0.025815790262911222
2025-03-17,269603,03-17,2025,March,3,17,-0.050033165880651494
2023-03-18,505441,03-18,2023,March,3,18,0.0751882707647465
2024-03-18,630770,03-18,2024,March,3,18,0.39578767585812247
2025-03-18,271669,03-18,2025,March,3,18,-0.03903614154865448
2023-03-19,4284290,03-19,2023,March,3,19,14.425400102352656
2024-03-19,675580,03-19,2024,March,3,19,0.5222320324399009
2025-03-19,242596,03-19,2025,March,3,19,-0.19378758801726498
2023-03-20,1010318,03-20,2023,March,3,20,1.992463054408287
2024-03-20,667728,03-20,2024,March,3,20,0.500075346702786
2025-03-20,248246,03-20,2025,March,3,20,-0.1637134411267601
2023-03-21,653790,03-21,2023,March,3,21,0.6385448841155935
2024-03-21,636390,03-21,2024,March,3,21,0.4116461289710347
2025-03-21,235660,03-21,2025,March,3,21,-0.23070693011152024
2023-03-22,564408,03-22,2023,March,3,22,0.29911596437548466
2024-03-22,532356,03-22,2024,March,3,22,0.11808415189831115
2025-03-22,216111,03-22,2025,March,3,22,-0.33476347835266723
2023-03-23,499867,03-23,2023,March,3,23,0.05402095745075301
2024-03-23,480396,03-23,2024,March,3,23,-0.028535994675873384
2025-03-23,221486,03-23,2025,March,3,23,-0.30615311737276213
2023-03-24,426853,03-24,2023,March,3,24,-0.22325034041575598
2024-03-24,478134,03-24,2024,March,3,24,-0.034918880964380034
2025-03-24,263405,03-24,2025,March,3,24,-0.08302423887664255
2023-03-25,384204,03-25,2023,March,3,25,-0.3852102875862814
2024-03-25,559468,03-25,2024,March,3,25,0.19458849011846688
2025-03-25,244541,03-25,2025,March,3,25,-0.1834346294859319
2023-03-26,397917,03-26,2023,March,3,26,-0.3331350512255364
2024-03-26,523486,03-26,2024,March,3,26,0.09305488515248712
2025-03-26,233461,03-26,2025,March,3,26,-0.24241189453846188
2023-03-27,469995,03-27,2023,March,3,27,-0.05941822147203381
2024-03-27,549644,03-27,2024,March,3,27,0.16686723684778193
2025-03-27,236131,03-27,2025,March,3,27,-0.22819986406100204
2023-03-28,476154,03-28,2023,March,3,28,-0.03602936558741128
2024-03-28,695270,03-28,2024,March,3,28,0.5777930541112961
2025-03-28,219067,03-28,2025,March,3,28,-0.3190291105281836
2023-03-29,436356,03-29,2023,March,3,29,-0.18716261554620447
2024-03-29,511478,03-29,2024,March,3,29,0.05917084512048543
2025-03-29,187818,03-29,2025,March,3,29,-0.48536309569303104
2023-03-30,454209,03-30,2023,March,3,30,-0.11936569330100785
2024-03-30,391614,03-30,2024,March,3,30,-0.2790600488165441
2025-03-30,206048,03-30,2025,March,3,30,-0.38832739696490637
2023-03-31,544430,03-31,2023,March,3,31,0.22324933621133647
2024-03-31,402176,03-31,2024,March,3,31,-0.24925631540398566
2025-03-31,249737,03-31,2025,March,3,31,-0.15577706006238082
2023-04-01,347907,04-01,2023,April,4,1,-0.5230484596993101
2024-04-01,501664,04-01,2024,April,4,1,0.03147780973790176
2025-04-01,235605,04-01,2025,April,4,1,-0.23099968729364018
2023-04-02,355781,04-02,2023,April,4,2,-0.49314687644951016
2024-04-02,563706,04-02,2024,April,4,2,0.20654723109578393
2025-04-02,248916,04-02,2025,April,4,2,-0.1601471263627533
2023-04-03,421384,04-03,2023,April,4,3,-0.24401891531963657
2024-04-03,614574,04-03,2024,April,4,3,0.3500859842893101
2025-04-03,266131,04-03,2025,April,4,3,-0.06851412835920602
2023-04-04,534541,04-04,2023,April,4,4,0.18569577299603657
2024-04-04,583158,04-04,2024,April,4,4,0.26143666703036894
2025-04-04,247162,04-04,2025,April,4,4,-0.16948341904345163
2023-04-05,444433,04-05,2023,April,4,5,-0.1564901380368529
2024-04-05,492534,04-05,2024,April,4,5,0.005714877901444782
2025-04-05,206411,04-05,2025,April,4,5,-0.3863951995629146
2023-04-06,284929,04-06,2023,April,4,6,-0.7622079605763611
2024-04-06,462238,04-06,2024,April,4,6,-0.07977403589015443
2025-04-06,220696,04-06,2025,April,4,6,-0.3103581750795761
2023-04-07,242046,04-07,2023,April,4,7,-0.9250565247751381
2024-04-07,623468,04-07,2024,April,4,7,0.3751829739665771
2025-04-07,289521,04-07,2025,April,4,7,0.0559875169096276
2023-04-08,195212,04-08,2023,April,4,8,-1.1029090457201636
2024-04-08,728570,04-08,2024,April,4,8,0.6717586214885161
2025-04-08,299623,04-08,2025,April,4,8,0.10975902697827905
2023-04-09,222492,04-09,2023,April,4,9,-0.9993130092641638
2024-04-09,630904,04-09,2024,April,4,9,0.3961657955586795
2025-04-09,300799,04-09,2025,April,4,9,0.11601870781778945
2023-04-10,217015,04-10,2023,April,4,10,-1.0201119642373864
2024-04-10,569342,04-10,2024,April,4,10,0.22245083282965813
2025-04-10,285588,04-10,2025,April,4,10,0.03505271695912215
2023-04-11,279218,04-11,2023,April,4,11,-0.7838955325778353
2024-04-11,564194,04-11,2024,April,4,11,0.20792426403512576
2025-04-11,242617,04-11,2025,April,4,11,-0.19367580800227374
2023-04-12,282939,04-12,2023,April,4,12,-0.7697650028251676
2024-04-12,544100,04-12,2024,April,4,12,0.15122323968443938
2025-04-12,214891,04-12,2025,April,4,12,-0.3412573649378736
2023-04-13,262684,04-13,2023,April,4,13,-0.8466835408902803
2024-04-13,456418,04-13,2024,April,4,13,-0.09619684676509195
2025-04-13,218975,04-13,2025,April,4,13,-0.31951881345100247
2023-04-14,234480,04-14,2023,April,4,14,-0.9537884753552736
2024-04-14,473352,04-14,2024,April,4,14,-0.048412675054406024
2025-04-14,245115,04-14,2025,April,4,14,-0.18037930907617086
2023-04-15,184868,04-15,2023,April,4,15,-1.142190475379286
2024-04-15,644440,04-15,2024,April,4,15,0.4343615288925548
2025-04-15,252297,04-15,2025,April,4,15,-0.14215054394916088
2023-04-16,217249,04-16,2023,April,4,16,-1.0192233472091348
2024-04-16,694440,04-16,2024,April,4,16,0.575450969398891
2025-04-16,238406,04-16,2025,April,4,16,-0.21609036243694918
2023-04-17,280293,04-17,2023,April,4,17,-0.7798132107600126
2024-04-17,765826,04-17,2024,April,4,17,0.7768871853985972
2025-04-17,227645,04-17,2025,April,4,17,-0.2733696358331834
2023-04-18,281108,04-18,2023,April,4,18,-0.776718241195803
2024-04-18,726346,04-18,2024,April,4,18,0.6654829631747942
2025-04-18,220901,04-18,2025,April,4,18,-0.30926698921894713
2023-04-19,317841,04-19,2023,April,4,19,-0.6372243553036389
2024-04-19,620700,04-19,2024,April,4,19,0.3673722625401464
2025-04-19,187061,04-19,2025,April,4,19,-0.48939249909057303
2023-04-20,427884,04-20,2023,April,4,20,-0.21933510897931405
2024-04-20,471348,04-20,2024,April,4,20,-0.05406753982989997
2025-04-20,197324,04-20,2025,April,4,20,-0.43476400890698863
2023-04-21,477387,04-21,2023,April,4,21,-0.03134703740008549
2024-04-21,676442,04-21,2024,April,4,21,0.5246644143942302
2025-04-21,252422,04-21,2025,April,4,21,-0.14148518671707008
2023-04-22,1282806,04-22,2023,April,4,22,3.027238596263949
2024-04-22,1071688,04-22,2024,April,4,22,1.639965154441577
2025-04-22,293175,04-22,2025,April,4,22,0.07543723951810635
2023-04-23,365232,04-23,2023,April,4,23,-0.45725662203068124
2024-04-23,746128,04-23,2024,April,4,23,0.721303589416721
2025-04-23,257117,04-23,2025,April,4,23,-0.116494369079739
2023-04-24,435298,04-24,2023,April,4,24,-0.19118037971667542
2024-04-24,722484,04-24,2024,April,4,24,0.6545852147900848
2025-04-24,250720,04-24,2025,April,4,24,-0.15054469078921864
2023-04-25,467918,04-25,2023,April,4,25,-0.06730564697493378
2024-04-25,663946,04-25,2024,April,4,25,0.48940334142288666
2025-04-25,230353,04-25,2025,April,4,25,-0.2589553367571679
2023-04-26,449496,04-26,2023,April,4,26,-0.13726335165207554
2024-04-26,548792,04-26,2024,April,4,26,0.16446307278155398
2025-04-26,276740,04-26,2025,April,4,26,-0.012043929357194226
2023-04-27,428318,04-27,2023,April,4,27,-0.21768699021751406
2024-04-27,433186,04-27,2024,April,4,27,-0.161752644401956
2025-04-27,257427,04-27,2025,April,4,27,-0.11484428314415376
2023-04-28,359660,04-28,2023,April,4,28,-0.4784163403273392
2024-04-28,502016,04-28,2024,April,4,28,0.03247107939906637
2025-04-28,251874,04-28,2025,April,4,28,-0.14440211282255622
2023-04-29,255943,04-29,2023,April,4,29,-0.8722825468195285
2024-04-29,701274,04-29,2024,April,4,29,0.594735074127297
2025-04-29,268444,04-29,2025,April,4,29,-0.05620235813659755
2023-04-30,267333,04-30,2023,April,4,30,-0.829028923093948
2024-04-30,631456,04-30,2024,April,4,30,0.3977234229818694
2025-04-30,258730,04-30,2025,April,4,30,-0.1079085993568391
2023-05-01,346814,05-01,2023,May,5,1,-0.527199136673152
2024-05-01,549162,05-01,2024,May,5,1,0.16550713464130087
2025-05-01,246079,05-01,2025,May,5,1,-0.17524807410228646
2023-05-02,402485,05-02,2023,May,5,2,-0.31578803163129127
2024-05-02,633908,05-02,2024,May,5,2,0.40464244914430014
2025-05-02,254104,05-02,2025,May,5,2,-0.13253213980205605
2023-05-03,394735,05-03,2023,May,5,3,-0.34521872380629115
2024-05-03,567354,05-03,2024,May,5,3,0.2168411166751262
2025-05-03,256195,05-03,2025,May,5,3,-0.12140204402364085
2023-05-04,412836,05-04,2023,May,5,4,-0.2764800194114946
2024-05-04,427206,05-04,2024,May,5,4,-0.17862694148651379
2025-05-04,259416,05-04,2025,May,5,4,-0.1042571188671247
2023-05-05,355943,05-05,2023,May,5,5,-0.492531680045336
2024-05-05,496696,05-05,2024,May,5,5,0.017459162929192203
2025-05-05,281825,05-05,2025,May,5,5,0.015022802844260198
2023-05-06,259121,05-06,2023,May,5,6,-0.8602140642734447
2024-05-06,647492,05-06,2024,May,5,6,0.4429736283410616
2025-05-06,280054,05-06,2025,May,5,6,0.005596021579997507
2023-05-07,310325,05-07,2023,May,5,7,-0.6657664304503872
2024-05-07,705086,05-07,2024,May,5,7,0.6054917330715001
2025-05-07,260463,05-07,2025,May,5,7,-0.09868408669113202
2023-05-08,472581,05-08,2023,May,5,8,-0.04959786405725319
2024-05-08,721154,05-08,2024,May,5,8,0.6508322356726163
2025-05-08,345827,05-08,2025,May,5,8,0.3556963513904718
2023-05-09,485282,05-09,2023,May,5,9,-0.0013657064682629809
2024-05-09,625428,05-09,2024,May,5,9,0.3807136800344255
2025-05-09,259993,05-09,2025,May,5,9,-0.10118582988379349
2023-05-10,464789,05-10,2023,May,5,10,-0.07918805159629827
2024-05-10,495242,05-10,2024,May,5,10,0.013356281999267949
2025-05-10,213170,05-10,2025,May,5,10,-0.35041800330929995
2023-05-11,445053,05-11,2023,May,5,11,-0.15413568266285294
2024-05-11,438336,05-11,2024,May,5,11,-0.14722043202980337
2025-05-11,208959,05-11,2025,May,5,11,-0.3728325577439754
2023-05-12,359182,05-12,2023,May,5,12,-0.4802315494705199
2024-05-12,468830,05-12,2024,May,5,12,-0.06117280405379907
2025-05-12,243980,05-12,2025,May,5,12,-0.18642075274355546
2023-05-13,281044,05-13,2023,May,5,13,-0.7769612817505385
2024-05-13,610920,05-13,2024,May,5,13,0.33977516797710705
2025-05-13,251790,05-13,2025,May,5,13,-0.14484923288252124
2023-05-14,309899,05-14,2023,May,5,14,-0.6673841691428453
2024-05-14,611670,05-14,2024,May,5,14,0.34189150958470205
2025-05-14,267312,05-14,2025,May,5,14,-0.062227833230411984
2023-05-15,414809,05-15,2023,May,5,15,-0.26898753481003973
2024-05-15,603578,05-15,2024,May,5,15,0.31905759453315663
2025-05-15,240236,05-15,2025,May,5,15,-0.2063495325591396
2023-05-16,468629,05-16,2023,May,5,16,-0.06460561831216928
2024-05-16,603854,05-16,2024,May,5,16,0.3198364082447516
2025-05-16,223560,05-16,2025,May,5,16,-0.29511351017791126
2023-05-17,445690,05-17,2023,May,5,17,-0.15171666964150132
2024-05-17,504890,05-17,2024,May,5,17,0.04058090043937057
2025-05-17,181474,05-17,2025,May,5,17,-0.5191313059361042
2023-05-18,399858,05-18,2023,May,5,18,-0.32576408690144926
2024-05-18,405186,05-18,2024,May,5,18,-0.24076273108550422
2025-05-18,206550,05-18,2025,May,5,18,-0.3856553223208296
2023-05-19,360913,05-19,2023,May,5,19,-0.4736580619666586
2024-05-19,427044,05-19,2024,May,5,19,-0.1790840712737543
2025-05-19,237155,05-19,2025,May,5,19,-0.22274925761571407
2023-05-20,280572,05-20,2023,May,5,20,-0.7787537058417127
2024-05-20,624906,05-20,2024,May,5,20,0.3792407062755394
2025-05-20,221774,05-20,2025,May,5,20,-0.3046201343100249
2023-05-21,324014,05-21,2023,May,5,21,-0.6137823342976679
2024-05-21,702420,05-21,2024,May,5,21,0.5979688441037022
2025-05-21,210618,05-21,2025,May,5,21,-0.36400193655966606
2023-05-22,436089,05-22,2023,May,5,22,-0.18817655036049155
2024-05-22,651006,05-22,2024,May,5,22,0.45288939421984686
2025-05-22,206119,05-22,2025,May,5,22,-0.38794947405707875
2023-05-23,431601,05-23,2023,May,5,23,-0.20521976926131733
2024-05-23,592214,05-23,2024,May,5,23,0.2869907864948765
2025-05-23,219399,05-23,2025,May,5,23,-0.3172619217197504
2023-05-24,447880,05-24,2023,May,5,24,-0.1434001256591465
2024-05-24,509286,05-24,2024,May,5,24,0.05298548404868765
2025-05-24,183340,05-24,2025,May,5,24,-0.5091988531754524
2023-05-25,348270,05-25,2023,May,5,25,-0.5216699640529198
2024-05-25,441270,05-25,2024,May,5,25,-0.13894130366089155
2025-05-25,184699,05-25,2025,May,5,25,-0.5019650893481611
2023-05-26,271051,05-26,2023,May,5,26,-0.8149097858672836
2024-05-26,456426,05-26,2024,May,5,26,-0.09617427245461094
2025-05-26,207681,05-26,2025,May,5,26,-0.3796351700848719
2023-05-27,212518,05-27,2023,May,5,27,-1.0371893607162217
2024-05-27,619130,05-27,2024,May,5,27,0.3629420541082474
2025-05-27,214852,05-27,2025,May,5,27,-0.3414649563942859
2023-05-28,237044,05-28,2023,May,5,28,-0.9440516631311833
2024-05-28,666974,05-28,2024,May,5,28,0.49794771793995035
2025-05-28,227731,05-28,2025,May,5,28,-0.2729118700575049
2023-05-29,285106,05-29,2023,May,5,29,-0.7615358015421708
2024-05-29,700198,05-29,2024,May,5,29,0.5916988293676007
2025-05-29,232463,05-29,2025,May,5,29,-0.24772410667947495
2023-05-30,345162,05-30,2023,May,5,30,-0.5334726209922617
2024-05-30,1028872,05-30,2024,May,5,30,1.5191474447471913
2025-05-30,200750,05-30,2025,May,5,30,-0.4165278978898435
2023-05-31,329576,05-31,2023,May,5,31,-0.5926605910876873
2024-05-31,1430112,05-31,2024,May,5,31,2.6513619869224376
2025-05-31,197201,05-31,2025,May,5,31,-0.435418720423366
2023-06-01,311474,06-01,2023,June,6,1,-0.6614030929911516
2024-06-01,660204,06-01,2024,June,6,1,0.47884420769539243
2025-06-01,225681,06-01,2025,June,6,1,-0.2838237286637943
2023-06-02,284985,06-02,2023,June,6,2,-0.7619953000909676
2024-06-02,882088,06-02,2024,June,6,2,1.1049539960415502
2025-06-02,267648,06-02,2025,June,6,2,-0.06043935299055187
2023-06-03,221997,06-03,2023,June,6,3,-1.001192776054696
2024-06-03,3532784,06-03,2024,June,6,3,8.584658307889216
2025-06-03,277236,06-03,2025,June,6,3,-0.009403791860257865
2023-06-04,270922,06-04,2023,June,6,4,-0.8153996644854222
2024-06-04,1541484,06-04,2024,June,6,4,2.9656302502838714
2025-06-04,277207,06-04,2025,June,6,4,-0.009558154738102934
2023-06-05,354621,06-05,2023,June,6,5,-0.49755198650409077
2024-06-05,1003358,06-05,2024,June,6,5,1.447152325045618
2025-06-05,277093,06-05,2025,June,6,5,-0.01016496053376976
2023-06-06,337862,06-06,2023,June,6,6,-0.5611944342667777
2024-06-06,790272,06-06,2024,June,6,6,0.8458686346509551
2025-06-06,254756,06-06,2025,June,6,6,-0.12906163647947033
2023-06-07,367195,06-07,2023,June,6,7,-0.4498021125159038
2024-06-07,700994,06-07,2024,June,6,7,0.5939449732604615
2025-06-07,212229,06-07,2025,June,6,7,-0.35542681255247965
2023-06-08,349920,06-08,2023,June,6,8,-0.5154040747511456
2024-06-08,557980,06-08,2024,June,6,8,0.19038966836899832
2025-06-08,309322,06-08,2025,June,6,8,0.16138542533066969
2023-06-09,373428,06-09,2023,June,6,9,-0.4261322409898684
2024-06-09,551034,06-09,2024,June,6,9,0.17078952329385808
2025-06-09,678211,06-09,2025,June,6,9,2.124929137240664
2023-06-10,271518,06-10,2023,June,6,10,-0.8131363493194481
2024-06-10,616412,06-10,2024,June,6,10,0.355272432122323
2025-06-10,606238,06-10,2025,June,6,10,1.7418270887184852
2023-06-11,280684,06-11,2023,June,6,11,-0.7783283848709256
2024-06-11,629054,06-11,2024,June,6,11,0.390945486259945
2025-06-11,399871,06-11,2025,June,6,11,0.6433648813994006
2023-06-12,342744,06-12,2023,June,6,12,-0.5426549969508616
2024-06-12,577128,06-12,2024,June,6,12,0.2444212805053048
2025-06-12,283124,06-12,2025,June,6,12,0.021937195200147964
2023-06-13,425403,06-13,2023,June,6,13,-0.22875672798398178
2024-06-13,577692,06-13,2024,June,6,13,0.24601276939421626
2025-06-13,243328,06-13,2025,June,6,13,-0.18989125606614116
2023-06-14,473321,06-14,2023,June,6,14,-0.04678770764312416
2024-06-14,548842,06-14,2024,June,6,14,0.1646041622220603
2025-06-14,302963,06-14,2025,June,6,14,0.12753737221974568
2023-06-15,362628,06-15,2023,June,6,15,-0.4671453346014812
2024-06-15,407222,06-15,2024,June,6,15,-0.2350175690680862
2025-06-15,309463,06-15,2025,June,6,15,0.16213594828846814
2023-06-16,284473,06-16,2023,June,6,16,-0.7639396245288514
2024-06-16,417792,06-16,2024,June,6,16,-0.20519126134504675
2025-06-16,234296,06-16,2025,June,6,16,-0.23796730822809523
2023-06-17,232106,06-17,2023,June,6,17,-0.9628037609324929
2024-06-17,510076,06-17,2024,June,6,17,0.05521469720868776
2025-06-17,241941,06-17,2025,June,6,17,-0.19727405991342087
2023-06-18,240622,06-18,2023,June,6,18,-0.9304641771180027
2024-06-18,524998,06-18,2024,June,6,18,0.09732142983339873
2025-06-18,217846,06-18,2025,June,6,18,-0.3255283199712467
2023-06-19,475567,06-19,2023,June,6,19,-0.038258503175375796
2024-06-19,544252,06-19,2024,June,6,19,0.15165215158357864
2025-06-19,201231,06-19,2025,June,6,19,-0.41396760326075804
2023-06-20,300666,06-20,2023,June,6,20,-0.7024465666721065
2024-06-20,543936,06-20,2024,June,6,20,0.1507604663195786
2025-06-20,185908,06-20,2025,June,6,20,-0.4955297541993787
2023-06-21,315833,06-21,2023,June,6,21,-0.6448497527084647
2024-06-21,460226,06-21,2024,June,6,21,-0.08545147497612939
2025-06-21,175333,06-21,2025,June,6,21,-0.5518189760342618
2023-06-22,310495,06-22,2023,June,6,22,-0.665120853976871
2024-06-22,399514,06-22,2024,June,6,22,-0.256767917216543
2025-06-22,273392,06-22,2025,June,6,22,-0.02986485746151466
2023-06-23,271064,06-23,2023,June,6,23,-0.8148604182546029
2024-06-23,432678,06-23,2024,June,6,23,-0.16318611311750036
2025-06-23,251956,06-23,2025,June,6,23,-0.14396563847830463
2023-06-24,219068,06-24,2023,June,6,24,-1.012315678942512
2024-06-24,504276,06-24,2024,June,6,24,0.03884832210995277
2025-06-24,257154,06-24,2025,June,6,24,-0.11629742333904011
2023-06-25,231714,06-25,2023,June,6,25,-0.9642923843302477
2024-06-25,467708,06-25,2024,June,6,25,-0.06433885109876125
2025-06-25,231877,06-25,2025,June,6,25,-0.2508433013835167
2023-06-26,267032,06-26,2023,June,6,26,-0.8301719732029383
2024-06-26,495878,06-26,2024,June,6,26,0.015150939682508545
2025-06-26,198872,06-26,2025,June,6,26,-0.42652422494477593
2023-06-27,270709,06-27,2023,June,6,27,-0.8162085338316513
2024-06-27,497626,06-27,2024,June,6,27,0.020083426522610057
2025-06-27,180240,06-27,2025,June,6,27,-0.5256997125313048
2023-06-28,263662,06-28,2023,June,6,28,-0.8429695774132286
2024-06-28,890072,06-28,2024,June,6,28,1.127483157901602
2025-06-28,168215,06-28,2025,June,6,28,-0.5897070782584413
2023-06-29,284568,06-29,2023,June,6,29,-0.763578861205416
2024-06-29,530506,06-29,2024,June,6,29,0.11286384259957671
2025-06-29,186155,06-29,2025,June,6,29,-0.4942150083087673
2023-06-30,247801,06-30,2023,June,6,30,-0.9032018623922834
2024-06-30,467728,06-30,2024,June,6,30,-0.06428241532255871
2025-06-30,205768,06-30,2025,June,6,30,-0.38981779716478976
2023-07-01,199013,07-01,2023,July,7,1,-1.0884747152740764
2024-07-01,521124,07-01,2024,July,7,1,0.0863898199829678
2025-07-01,195175,07-01,2025,July,7,1,-0.44620283044109393
2023-07-02,225318,07-02,2023,July,7,2,-0.9885812497691251
2024-07-02,527714,07-02,2024,July,7,2,0.10498540824170291
2025-07-02,194700,07-02,2025,July,7,2,-0.44873118792303907
2023-07-03,237358,07-03,2023,July,7,3,-0.9428592454095123
2024-07-03,531728,07-03,2024,July,7,3,0.11631206852555157
2025-07-03,173759,07-03,2025,July,7,3,-0.5601971543007493
2023-07-04,249809,07-04,2023,July,7,4,-0.8955764649874576
2024-07-04,525598,07-04,2024,July,7,4,0.09901450311947475
2025-07-04,186093,07-04,2025,July,7,4,-0.4945450254958843
2023-07-05,269250,07-05,2023,July,7,5,-0.8217490989778867
2024-07-05,563590,07-05,2024,July,7,5,0.20621990359380923
2025-07-05,172359,07-05,2025,July,7,5,-0.5676491553001666
2023-07-06,282290,07-06,2023,July,7,6,-0.772229585950532
2024-07-06,442056,07-06,2024,July,7,6,-0.13672337765613196
2025-07-06,176953,07-06,2025,July,7,6,-0.5431959463063648
2023-07-07,238403,07-07,2023,July,7,7,-0.938890848851722
2024-07-07,454674,07-07,2024,July,7,7,-0.10111804644995295
2025-07-07,184888,07-07,2025,July,7,7,-0.5009590692132398
2023-07-08,203399,07-08,2023,July,7,8,-1.0718188422573605
2024-07-08,506178,07-08,2024,July,7,8,0.04421536442681379
2025-07-08,182171,07-08,2025,July,7,8,-0.5154212740099657
2023-07-09,225050,07-09,2023,July,7,9,-0.9895989820920799
2024-07-09,497796,07-09,2024,July,7,9,0.0205631306203316
2025-07-09,191012,07-09,2025,July,7,9,-0.4683618876986465
2023-07-10,263113,07-10,2023,July,7,10,-0.845054409671819
2024-07-10,468804,07-10,2024,July,7,10,-0.061246170562862357
2025-07-10,192830,07-10,2025,July,7,10,-0.4586849321151177
2023-07-11,266522,07-11,2023,July,7,11,-0.8321087026234868
2024-07-11,473066,07-11,2024,July,7,11,-0.04921970665410227
2025-07-11,170095,07-11,2025,July,7,11,-0.5797001054877954
2023-07-12,555994,07-12,2023,July,7,12,0.2671637264451041
2024-07-12,240397,07-12,2024,July,7,12,-0.7057624873174768
2025-07-12,165897,07-12,2025,July,7,12,-0.6020454627703334
2023-07-13,541778,07-13,2023,July,7,13,0.21317834322448487
2024-07-13,285192,07-13,2024,July,7,13,-0.5793604575678503
2025-07-13,186185,07-13,2025,July,7,13,-0.4940553225730655
2023-07-14,507364,07-14,2023,July,7,14,0.08249087993281423
2024-07-14,1238865,07-14,2024,July,7,14,2.1117033423521323
2025-07-14,188621,07-14,2025,July,7,14,-0.48108884083407966
2023-07-15,458796,07-15,2023,July,7,15,-0.10194652104207563
2024-07-15,927259,07-15,2024,July,7,15,1.2324170183837846
2025-07-15,183001,07-15,2025,July,7,15,-0.5110033019888828
2023-07-16,483710,07-16,2023,July,7,16,-0.0073353900939532885
2024-07-16,818594,07-16,2024,July,7,16,0.9257873373313641
2025-07-16,171550,07-16,2025,July,7,16,-0.5719553473062583
2023-07-17,1054368,07-17,2023,July,7,17,2.1597433112223188
2024-07-17,483163,07-17,2024,July,7,17,-0.02072810503825274
2025-07-17,176460,07-17,2025,July,7,17,-0.5458201152297311
2023-07-18,600830,07-18,2023,July,7,18,0.4374288250719811
2024-07-18,553259,07-18,2024,July,7,18,0.17706800339639003
2025-07-18,192247,07-18,2025,July,7,18,-0.4617881582455892
2023-07-19,526588,07-19,2023,July,7,19,0.15549418656148503
2024-07-19,648820,07-19,2024,July,7,19,0.4467209638809098
2025-07-19,169494,07-19,2025,July,7,19,-0.582899143059688
2023-07-20,509588,07-20,2023,July,7,20,0.09093653920987228
2024-07-20,342378,07-20,2024,July,7,20,-0.41799364267194344
2025-07-20,154007,07-20,2025,July,7,20,-0.6653342426868118
2023-07-21,484914,07-21,2023,July,7,21,-0.00276318965799201
2024-07-21,482463,07-21,2024,July,7,21,-0.022703357205341446
2025-07-21,183471,07-21,2025,July,7,21,-0.5085015587962213
2023-07-22,433050,07-22,2023,July,7,22,-0.19971717920175927
2024-07-22,580544,07-22,2024,July,7,22,0.2540605110806977
2025-07-22,162853,07-22,2025,July,7,22,-0.618248242086209
2023-07-23,509260,07-23,2023,July,7,23,0.08969095636685293
2024-07-23,417182,07-23,2024,July,7,23,-0.20691255251922405
2025-07-23,187660,07-23,2025,July,7,23,-0.48620410723439383
2023-07-24,613122,07-24,2023,July,7,24,0.48410780161586486
2024-07-24,342356,07-24,2024,July,7,24,-0.41805572202576624
2025-07-24,196948,07-24,2025,July,7,24,-0.4367654034611178
2023-07-25,705636,07-25,2023,July,7,25,0.8354305185033414
2024-07-25,321587,07-25,2024,July,7,25,-0.4766614538232882
2025-07-25,189294,07-25,2025,July,7,25,-0.47750655749650267
2023-07-26,689136,07-26,2023,July,7,26,0.7727716254855996
2024-07-26,268719,07-26,2024,July,7,26,-0.6258437846370678
2025-07-26,173342,07-26,2025,July,7,26,-0.5624167860270044
2023-07-27,616570,07-27,2023,July,7,27,0.497201611502239
2024-07-27,240173,07-27,2024,July,7,27,-0.7063945680109452
2025-07-27,179593,07-27,2025,July,7,27,-0.5291436015646068
2023-07-28,540864,07-28,2023,July,7,28,0.20970742030216877
2024-07-28,245940,07-28,2024,July,7,28,-0.6901213119429443
2025-07-28,197508,07-28,2025,July,7,28,-0.4337846030613509
2023-07-29,476536,07-29,2023,July,7,29,-0.03457871727633387
2024-07-29,287898,07-29,2024,July,7,29,-0.5717246970476474
2025-07-29,202623,07-29,2025,July,7,29,-0.4065581851241947
2023-07-30,518904,07-30,2023,July,7,30,0.12631412995855607
2024-07-30,291738,07-30,2024,July,7,30,-0.5608890280167608
2025-07-30,202438,07-30,2025,July,7,30,-0.40754291382768915
2023-07-31,580894,07-31,2023,July,7,31,0.36172169227187806
2024-07-31,272891,07-31,2024,July,7,31,-0.614071281721219
2025-07-31,188963,07-31,2025,July,7,31,-0.47926842344707915
2023-08-01,570364,08-01,2023,August,8,1,0.32173392600055556
2024-08-01,261874,08-01,2024,August,8,1,-0.6451589290423851
2025-08-01,180992,08-01,2025,August,8,1,-0.5216969234230464
2023-08-02,602896,08-02,2023,August,8,2,0.4452744779795359
2024-08-02,214399,08-02,2024,August,8,2,-0.7791233528031514
2025-08-02,162230,08-02,2025,August,8,2,-0.6215643825309496
2023-08-03,593080,08-03,2023,August,8,3,0.40799813289698117
2024-08-03,187654,08-03,2024,August,8,3,-0.8545920945299906
2025-08-03,167473,08-03,2025,August,8,3,-0.5936566387881324
2023-08-04,562624,08-04,2023,August,8,4,0.2923412089122331
2024-08-04,206367,08-04,2024,August,8,4,-0.8017879605260892
2025-08-04,174396,08-04,2025,August,8,4,-0.5568064938460145
2023-08-05,500078,08-05,2023,August,8,5,0.05482223177964656
2024-08-05,225290,08-05,2024,August,8,5,-0.7483912508720613
2025-08-05,182786,08-05,2025,August,8,5,-0.512147716428079
2023-08-06,448800,08-06,2023,August,8,6,-0.13990641768482392
2024-08-06,231925,08-06,2024,August,8,6,-0.7296686821168704
2025-08-06,179752,08-06,2025,August,8,6,-0.5282972671653873
2023-08-07,509712,08-07,2023,August,8,7,0.09140743028467227
2024-08-07,243967,08-07,2024,August,8,7,-0.6956887012653244
2025-08-07,177455,08-07,2025,August,8,7,-0.5405238716622881
2023-08-08,533834,08-08,2023,August,8,8,0.18301093436794302
2024-08-08,226558,08-08,2024,August,8,8,-0.7448132226608205
2025-08-08,165682,08-08,2025,August,8,8,-0.6031898772095297
2023-08-09,536282,08-09,2023,August,8,9,0.19230723558657525
2024-08-09,200601,08-09,2024,August,8,9,-0.8180583948052799
2025-08-09,156369,08-09,2025,August,8,9,-0.6527616524292238
2023-08-10,531674,08-10,2023,August,8,10,0.17480831564562047
2024-08-10,172593,08-10,2024,August,8,10,-0.8970910557993091
2025-08-10,169872,08-10,2025,August,8,10,-0.5808871027898455
2023-08-11,453568,08-11,2023,August,8,11,-0.12179989635703042
2024-08-11,197379,08-11,2024,August,8,11,-0.8271501983515082
2025-08-11,194085,08-11,2025,August,8,11,-0.45200474550492586
2023-08-12,444668,08-12,2023,August,8,12,-0.15559772349993356
2024-08-12,230154,08-12,2024,August,8,12,-0.7346660700996048
2025-08-12,185919,08-12,2025,August,8,12,-0.49547120276295475
2023-08-13,515236,08-13,2023,August,8,13,0.11238486816527868
2024-08-13,247210,08-13,2024,August,8,13,-0.6865376401540835
2025-08-13,179422,08-13,2025,August,8,13,-0.530053810258107
2023-08-14,525170,08-14,2023,August,8,14,0.15010931927062698
2024-08-14,221103,08-14,2024,August,8,14,-0.7602060806200618
2025-08-14,176852,08-14,2025,August,8,14,-0.5437335549498942
2023-08-15,634732,08-15,2023,August,8,15,0.5661719639257679
2024-08-15,209011,08-15,2024,August,8,15,-0.7943271509121141
2025-08-15,213526,08-15,2025,August,8,15,-0.3485230659123053
2023-08-16,603824,08-16,2023,August,8,16,0.44879856602320045
2024-08-16,195112,08-16,2024,August,8,16,-0.8335471935840655
2025-08-16,207993,08-16,2025,August,8,16,-0.37797443843357326
2023-08-17,600394,08-17,2023,August,8,17,0.4357731112928456
2024-08-17,171532,08-17,2024,August,8,17,-0.9000849737268536
2025-08-17,192425,08-17,2025,August,8,17,-0.4608406895470919
2023-08-18,543248,08-18,2023,August,8,18,0.21876068096606552
2024-08-18,189250,08-18,2024,August,8,18,-0.8500885195890283
2025-08-18,252708,08-18,2025,August,8,18,-0.13996284937004627
2023-08-19,486960,08-19,2023,August,8,19,0.005006513076207971
2024-08-19,211043,08-19,2024,August,8,19,-0.7885932760499367
2025-08-19,203286,08-19,2025,August,8,19,-0.403029130365185
2023-08-20,557760,08-20,2023,August,8,20,0.27387012675233635
2024-08-20,251054,08-20,2024,August,8,20,-0.6756906839679563
2025-08-20,176575,08-20,2025,August,8,20,-0.5452079865762075
2023-08-21,590294,08-21,2023,August,8,21,0.3974182737486522
2024-08-21,261246,08-21,2024,August,8,21,-0.6469310124151447
2025-08-21,178394,08-21,2025,August,8,21,-0.5355257081348219
2023-08-22,609910,08-22,2023,August,8,22,0.4719102037750778
2024-08-22,285406,08-22,2024,August,8,22,-0.5787565947624831
2025-08-22,179184,08-22,2025,August,8,22,-0.5313206504280079
2023-08-23,615204,08-23,2023,August,8,23,0.49201421466210354
2024-08-23,233738,08-23,2024,August,8,23,-0.7245527790041106
2025-08-23,151094,08-23,2025,August,8,23,-0.6808397276234562
2023-08-24,725228,08-24,2023,August,8,24,0.9098313083217412
2024-08-24,196683,08-24,2024,August,8,24,-0.8291141633633564
2025-08-24,161393,08-24,2025,August,8,24,-0.6260196145570297
2023-08-25,1076690,08-25,2023,August,8,25,2.244511299703654
2024-08-25,191727,08-25,2024,August,8,25,-0.8430989487063444
2025-08-25,186753,08-25,2025,August,8,25,-0.4910319393104448
2023-08-26,599456,08-26,2023,August,8,26,0.4322110481625037
2024-08-26,231780,08-26,2024,August,8,26,-0.7300778414943387
2025-08-26,179720,08-26,2025,August,8,26,-0.5284675986168025
2023-08-27,632166,08-27,2023,August,8,27,0.5564275566843421
2024-08-27,250415,08-27,2024,August,8,27,-0.6774938070176273
2025-08-27,176347,08-27,2025,August,8,27,-0.5464215981675411
2023-08-28,664150,08-28,2023,August,8,28,0.6778870739133999
2024-08-28,245471,08-28,2024,August,8,28,-0.6914447308948938
2025-08-28,170442,08-28,2025,August,8,28,-0.5778530738115113
2023-08-29,661072,08-29,2023,August,8,29,0.6661983422340902
2024-08-29,240403,08-29,2024,August,8,29,-0.705745556584616
2025-08-29,162879,08-29,2025,August,8,29,-0.6181098477819341
2023-08-30,662126,08-30,2023,August,8,30,0.6702009163698902
2024-08-30,251098,08-30,2024,August,8,30,-0.6755665252603108
2025-08-30,374858,08-30,2025,August,8,30,0.5102242378290998
2023-08-31,668186,08-31,2023,August,8,31,0.6932138188964063
2024-08-31,186948,08-31,2024,August,8,31,-0.85658427742994
2025-08-31,307396,08-31,2025,August,8,31,0.1511336010986144
2023-09-01,547200,09-01,2023,September,9,1,0.2337684352209816
2024-09-01,198491,09-01,2024,September,9,1,-0.8240123691946473
2025-09-01,267903,09-01,2025,September,9,1,-0.059082024237086604
2023-09-02,432292,09-02,2023,September,9,2,-0.20259569077190764
2024-09-02,220875,09-02,2024,September,9,2,-0.7608494484687707
2025-09-02,319219,09-02,2025,September,9,2,0.2140657495386922
2023-09-03,486354,09-03,2023,September,9,3,0.002705222823556364
2024-09-03,248933,09-03,2024,September,9,3,-0.6816756980342351
2025-09-03,239842,09-03,2025,September,9,3,-0.20844673855468987
2023-09-04,566796,09-04,2023,September,9,4,0.30818441507405236
2024-09-04,233448,09-04,2024,September,9,4,-0.7253710977590474
2025-09-04,199668,09-04,2025,September,9,4,-0.42228723009082164
2023-09-05,600204,09-05,2023,September,9,5,0.43505158464597465
2024-09-05,236342,09-05,2024,September,9,5,-0.7172048409425407
2025-09-05,203712,09-05,2025,September,9,5,-0.4007615929182195
2023-09-06,610918,09-06,2023,September,9,6,0.47573809251216165
2024-09-06,209328,09-06,2024,September,9,6,-0.793432643859304
2025-09-06,166637,09-06,2025,September,9,6,-0.5981065479563558
2023-09-07,797396,09-07,2023,September,9,7,1.1838899138553405
2024-09-07,168083,09-07,2024,September,9,7,-0.9098173233329807
2025-09-07,173084,09-07,2025,September,9,7,-0.5637900833540398
2023-09-08,626258,09-08,2023,September,9,8,0.5339918754753228
2024-09-08,199818,09-08,2024,September,9,8,-0.8202678554436091
2025-09-08,189863,09-08,2025,September,9,8,-0.4744778513760253
2023-09-09,472432,09-09,2023,September,9,9,-0.050163692848746735
2024-09-09,259290,09-09,2024,September,9,9,-0.6524504313277526
2025-09-09,236018,09-09,2025,September,9,9,-0.22880134699881213
2023-09-10,545146,09-10,2023,September,9,10,0.22596835241743968
2024-09-10,277428,09-10,2024,September,9,10,-0.6012688258896741
2025-09-10,241589,09-10,2025,September,9,10,-0.1991477058789886
2023-09-11,638110,09-11,2023,September,9,11,0.5789999482054001
2024-09-11,567465,09-11,2024,September,9,11,0.21715433523305028
2025-09-11,234651,09-11,2025,September,9,11,-0.2360776936889573
2023-09-12,646350,09-12,2023,September,9,12,0.6102914196275936
2024-09-12,321502,09-12,2024,September,9,12,-0.47690130587214896
2025-09-12,202662,09-12,2025,September,9,12,-0.40635059366778237
2023-09-13,639836,09-13,2023,September,9,13,0.5855544481659227
2024-09-13,262083,09-13,2024,September,9,13,-0.6445691751810687
2025-09-13,159669,09-13,2025,September,9,13,-0.6351962215020263
2023-09-14,631136,09-14,2023,September,9,14,0.5525161227565679
2024-09-14,208471,09-14,2024,September,9,14,-0.7958509168695825
2025-09-14,152410,09-14,2025,September,9,14,-0.6738348466840042
2023-09-15,556770,09-15,2023,September,9,15,0.27011059317127184
2024-09-15,240521,09-15,2024,September,9,15,-0.7054125855050211
2025-09-15,178612,09-15,2025,September,9,15,-0.5343653251220555
2023-09-16,436726,09-16,2023,September,9,16,-0.18575753733913994
2024-09-16,345164,09-16,2024,September,9,16,-0.4101321390469304
2025-09-16,283463,09-16,2025,September,9,16,0.02374164401357826
2023-09-17,473590,09-17,2023,September,9,17,-0.04576617781150158
2024-09-17,290611,09-17,2024,September,9,17,-0.5640691840057735
2025-09-17,268874,09-17,2025,September,9,17,-0.05391352925820514
2023-09-18,624902,09-18,2023,September,9,18,0.5288424537218648
2024-09-18,277917,09-18,2024,September,9,18,-0.5998889711615222
2025-09-18,263362,09-18,2025,September,9,18,-0.0832531217644818
2023-09-19,729614,09-19,2023,September,9,19,0.9264871813384573
2024-09-19,274230,09-19,2024,September,9,19,-0.6102929065044594
2025-09-19,221442,09-19,2025,September,9,19,-0.30638732311845807
2023-09-20,651026,09-20,2023,September,9,20,0.6280485701579548
2024-09-20,257824,09-20,2024,September,9,20,-0.6565871737233984
2025-09-20,186106,09-20,2025,September,9,20,-0.49447582834374687
2023-09-21,710732,09-21,2023,September,9,21,0.8547826226741543
2024-09-21,216223,09-21,2024,September,9,21,-0.7739764100134803
2025-09-21,204650,09-21,2025,September,9,21,-0.39576875224861
2023-09-22,542860,09-22,2023,September,9,22,0.21728724760298165
2024-09-22,241961,09-22,2024,September,9,22,-0.7013492096184386
2025-09-22,218716,09-22,2025,September,9,22,-0.3208974336358946
2023-09-23,411460,09-23,2023,September,9,23,-0.28170539133830746
2024-09-23,279547,09-23,2024,September,9,23,-0.5952894554010156
2025-09-23,238144,09-23,2025,September,9,23,-0.21748495119541153
2023-09-24,458416,09-24,2023,September,9,24,-0.10338957433581757
2024-09-24,279860,09-24,2024,September,9,24,-0.594406235503446
2025-09-24,240918,09-24,2025,September,9,24,-0.2027193435008521
2023-09-25,598412,09-25,2023,September,9,25,0.4282464491133811
2024-09-25,274505,09-25,2024,September,9,25,-0.6095169145816746
2025-09-25,229208,09-25,2025,September,9,25,-0.2650500090031198
2023-09-26,625172,09-26,2023,September,9,26,0.529867781062155
2024-09-26,284546,09-26,2024,September,9,26,-0.5811833331391921
2025-09-26,202906,09-26,2025,September,9,26,-0.4050518163507411
2023-09-27,574286,09-27,2023,September,9,27,0.3366277549954394
2024-09-27,266300,09-27,2024,September,9,27,-0.6326696917687643
2025-09-27,163370,09-27,2025,September,9,27,-0.6154963245742814
2023-09-28,557978,09-28,2023,September,9,28,0.27469798364190406
2024-09-28,194583,09-28,2024,September,9,28,-0.8350399198646226
2025-09-28,173999,09-28,2025,September,9,28,-0.5589196684151351
2023-09-29,516682,09-29,2023,September,9,29,0.11787606569883351
2024-09-29,215120,09-29,2024,September,9,29,-0.77708884307105
2025-09-29,196965,09-29,2025,September,9,29,-0.43667491487755344
2023-09-30,377068,09-30,2023,September,9,30,-0.4123093094392878
2024-09-30,280271,09-30,2024,September,9,30,-0.5932464803024838
2025-09-30,203045,09-30,2025,September,9,30,-0.40431193910865615
2023-10-01,417428,10-01,2023,October,10,1,-0.25904185960922366
2024-10-01,501908,10-01,2024,October,10,1,0.03216632620757268
2025-10-01,233390,10-01,2025,October,10,1,-0.24278981744628947
2023-10-02,568424,10-02,2023,October,10,2,0.31436675918513624
2024-10-02,484017,10-02,2024,October,10,2,-0.01831829739440452
2025-10-02,319426,10-02,2025,October,10,2,0.2151675811150346
2023-10-03,587428,10-03,2023,October,10,3,0.3865346139069038
2024-10-03,271576,10-03,2024,October,10,3,-0.6177819340065357
2025-10-03,246009,10-03,2025,October,10,3,-0.17562067415225732
2023-10-04,615728,10-04,2023,October,10,4,0.49400410920400034
2024-10-04,224817,10-04,2024,October,10,4,-0.7497259569792512
2025-10-04,235098,10-04,2025,October,10,4,-0.23369837622700054
2023-10-05,595766,10-05,2023,October,10,5,0.418198241178536
2024-10-05,227218,10-05,2024,October,10,5,-0.7429508420461369
2025-10-05,321481,10-05,2025,October,10,5,0.22610605401060763
2023-10-06,494074,10-06,2023,October,10,6,0.032021989738524034
2024-10-06,202601,10-06,2024,October,10,6,-0.8124148171850264
2025-10-06,370075,10-06,2025,October,10,6,0.4847650087003768
2023-10-07,375632,10-07,2023,October,10,7,-0.4177625318861652
2024-10-07,235582,10-07,2024,October,10,7,-0.719349400438237
2023-10-08,417382,10-08,2023,October,10,8,-0.2592165450079398
2024-10-08,343433,10-08,2024,October,10,8,-0.41501665547725974
2023-10-09,545844,10-09,2023,October,10,9,0.22861901346752356
2024-10-09,377324,10-09,2024,October,10,9,-0.319383410913255
2023-10-10,586550,10-10,2023,October,10,10,0.3832004012966264
2024-10-10,361962,10-10,2024,October,10,10,-0.3627317306144217
2023-10-11,582978,10-11,2023,October,10,11,0.36963570033545223
2024-10-11,260270,10-11,2024,October,10,11,-0.6496850782938285
2023-10-12,564192,10-12,2023,October,10,12,0.29829570250325244
2024-10-12,207372,10-12,2024,October,10,12,-0.7989520627719119
2023-10-13,469592,10-13,2023,October,10,13,-0.0609486174651338
2024-10-13,232733,10-13,2024,October,10,13,-0.727388676758288
2023-10-14,383774,10-14,2023,October,10,14,-0.3868432163134104
2024-10-14,278953,10-14,2024,October,10,14,-0.5969655979542309
2023-10-15,436632,10-15,2023,October,10,15,-0.18611450315390768
2024-10-15,291786,10-15,2024,October,10,15,-0.5607535821538746
2023-10-16,559312,10-16,2023,October,10,16,0.2797638602046718
2024-10-16,288413,10-16,2024,October,10,16,-0.570271475810432
2023-10-17,638488,10-17,2023,October,10,17,0.5804354064818066
2024-10-17,287286,10-17,2024,October,10,17,-0.5734516317994449
2023-10-18,660222,10-18,2023,October,10,18,0.6629704598665096
2024-10-18,250928,10-18,2024,October,10,18,-0.6760462293580323
2023-10-19,602672,10-19,2023,October,10,19,0.4444238360379617
2024-10-19,210835,10-19,2024,October,10,19,-0.789180208122443
2023-10-20,530948,10-20,2023,October,10,20,0.17205132435283982
2024-10-20,245809,10-20,2024,October,10,20,-0.690490966277071
2023-10-21,452556,10-21,2023,October,10,21,-0.12564297512878525
2024-10-21,322258,10-21,2024,October,10,21,-0.4747680335316931
2023-10-22,503972,10-22,2023,October,10,22,0.06960973053183361
2024-10-22,316800,10-22,2024,October,10,22,-0.4901693568573648
2023-10-23,602646,10-23,2023,October,10,23,0.44432510081260046
2024-10-23,312053,10-23,2024,October,10,23,-0.5035643883390364
2023-10-24,613804,10-24,2023,October,10,24,0.48669770252726485
2024-10-24,293374,10-24,2024,October,10,24,-0.5562725815233934
2023-10-25,767186,10-25,2023,October,10,25,1.069167177002857
2024-10-25,269731,10-25,2024,October,10,25,-0.6229881343612195
2023-10-26,593242,10-26,2023,October,10,26,0.40861332930115535
2024-10-26,227782,10-26,2024,October,10,26,-0.7413593531572255
2023-10-27,512934,10-27,2023,October,10,27,0.10364300321213676
2024-10-27,269860,10-27,2024,October,10,27,-0.6226241236047132
2023-10-28,415394,10-28,2023,October,10,28,-0.2667659922394107
2024-10-28,332531,10-28,2024,October,10,28,-0.44577979708526133
2023-10-29,548544,10-29,2023,October,10,29,0.23887228687042675
2024-10-29,327948,10-29,2024,October,10,29,-0.4587120552020721
2023-10-30,635048,10-30,2023,October,10,30,0.5673719766647743
2024-10-30,310568,10-30,2024,October,10,30,-0.5077547447220745
2023-10-31,547170,10-31,2023,October,10,31,0.23365450996094936
2024-10-31,275073,10-31,2024,October,10,31,-0.6079141385375225
2023-11-01,553992,11-01,2023,November,11,1,0.2595611140922848
2024-11-01,269701,11-01,2024,November,11,1,-0.6230727880255233
2023-11-02,541790,11-02,2023,November,11,2,0.21322391332849777
2024-11-02,273265,11-02,2024,November,11,2,-0.6130159327062317
2023-11-03,494250,11-03,2023,November,11,3,0.03269035126404661
2024-11-03,345584,11-03,2024,November,11,3,-0.4089469877466772
2023-11-04,403090,11-04,2023,November,11,4,-0.3134905388873074
2024-11-04,488925,11-04,2024,November,11,4,-0.004468957914302562
2023-11-05,492582,11-05,2023,November,11,5,0.02635610680625308
2024-11-05,834890,11-05,2024,November,11,5,0.9717712077811892
2023-11-06,648914,11-06,2023,November,11,6,0.6200282318516839
2024-11-06,4704292,11-06,2024,November,11,6,11.890406473263152
2023-11-07,641488,11-07,2023,November,11,7,0.5918279324850323
2024-11-07,1798886,11-07,2024,November,11,7,3.69196433358811
2023-11-08,650160,11-08,2023,November,11,8,0.6247599276516903
2024-11-08,1021966,11-08,2024,November,11,8,1.4996601712244562
2023-11-09,611450,11-09,2023,November,11,9,0.47775836712340036
2024-11-09,730703,11-09,2024,November,11,9,0.6777774970205163
2023-11-10,532542,11-10,2023,November,11,10,0.17810455316922044
2024-11-10,688611,11-10,2024,November,11,10,0.5590027624246623
2023-11-11,412922,11-11,2023,November,11,11,-0.27615343366606876
2024-11-11,667611,11-11,2024,November,11,11,0.4997451974120011
2023-11-12,462258,11-12,2023,November,11,12,-0.08879954603435308
2024-11-12,636235,11-12,2024,November,11,12,0.411208751705465
2023-11-13,1017856,11-13,2023,November,11,13,2.0210886747457257
2024-11-13,574934,11-13,2024,November,11,13,0.23823027585588677
2023-11-14,661230,11-14,2023,November,11,14,0.6667983486035934
2024-11-14,482356,11-14,2024,November,11,14,-0.023005288608025008
2023-11-15,644646,11-15,2023,November,11,15,0.6038204648577613
2024-11-15,409587,11-15,2024,November,11,15,-0.22834403853213653
2023-11-16,594270,11-16,2023,November,11,16,0.41251716821159407
2024-11-16,332741,11-16,2024,November,11,16,-0.4451872214351347
2023-11-17,818932,11-17,2023,November,11,17,1.2656730605238307
2024-11-17,384753,11-17,2024,November,11,17,-0.29842034184282357
2023-11-18,430126,11-18,2023,November,11,18,-0.21082109454623665
2024-11-18,426076,11-18,2024,November,11,18,-0.181815562841957
2023-11-19,860668,11-19,2023,November,11,19,1.4241658822807077
2024-11-19,387836,11-19,2024,November,11,19,-0.28972076694120286
2023-11-20,682290,11-20,2023,November,11,20,0.7467738811462384
2024-11-20,370132,11-20,2024,November,11,20,-0.33967771603568636
2023-11-21,627286,11-21,2023,November,11,21,0.5378957143857616
2024-11-21,385714,11-21,2024,November,11,21,-0.2957086027962918
2023-11-22,636978,11-22,2023,November,11,22,0.5747011683935163
2024-11-22,320095,11-22,2024,November,11,22,-0.48087156272799725
2023-11-23,790222,11-23,2023,November,11,23,1.15664658667296
2024-11-23,264187,11-23,2024,November,11,23,-0.6386321315245621
2023-11-24,481646,11-24,2023,November,11,24,-0.015173447984172625
2024-11-24,301096,11-24,2024,November,11,24,-0.5344827283315948
2023-11-25,417832,11-25,2023,November,11,25,-0.2575076661074559
2024-11-25,329155,11-25,2024,November,11,25,-0.45530615610824915
2023-11-26,511110,11-26,2023,November,11,26,0.09671634740217548
2024-11-26,342740,11-26,2024,November,11,26,-0.4169721551226776
2023-11-27,884636,11-27,2023,November,11,27,1.5151845700291462
2024-11-27,344728,11-27,2024,November,11,27,-0.41136243896814567
2023-11-28,662454,11-28,2023,November,11,28,0.6714464992129096
2024-11-28,354148,11-28,2024,November,11,28,-0.3847811883767519
2023-11-29,669232,11-29,2023,November,11,29,0.6971860129628643
2024-11-29,280070,11-29,2024,November,11,29,-0.5938136598533194
2023-11-30,700818,11-30,2023,November,11,30,0.8171341217421608
2024-11-30,245284,11-30,2024,November,11,30,-0.6919724054023875
2023-12-01,634804,12-01,2023,December,12,1,0.5664453845498453
2024-12-01,258450,12-01,2024,December,12,1,-0.6548207339282591
2023-12-02,453028,12-02,2023,December,12,2,-0.12385055103761107
2024-12-02,305763,12-02,2024,December,12,2,-0.5213134399547334
2023-12-03,547240,12-03,2023,December,12,3,0.2339203355676913
2024-12-03,295676,12-03,2024,December,12,3,-0.5497768236824817
2023-12-04,686286,12-04,2023,December,12,4,0.7619487257825351
2024-12-04,289575,12-04,2024,December,12,4,-0.5669925572130649
2023-12-05,671284,12-05,2023,December,12,5,0.7049785007490708
2024-12-05,268864,12-05,2024,December,12,5,-0.6254346252595994
2023-12-06,662066,12-06,2023,December,12,6,0.6699730658498257
2024-12-06,234274,12-06,2024,December,12,6,-0.7230403002018827
2023-12-07,633478,12-07,2023,December,12,7,0.5614098880564196
2024-12-07,204187,12-07,2024,December,12,7,-0.8079394601321654
2023-12-08,563864,12-08,2023,December,12,8,0.29705011966023304
2024-12-08,223934,12-08,2024,December,12,8,-0.7522175964985931
2023-12-09,460364,12-09,2023,December,12,9,-0.0959920274510563
2024-12-09,269443,12-09,2024,December,12,9,-0.623800809538536
2023-12-10,563170,12-10,2023,December,12,10,0.29441464864482014
2024-12-10,263175,12-10,2024,December,12,10,-0.6414877818004103
2023-12-11,669268,12-11,2023,December,12,11,0.6973227232749031
2024-12-11,277167,12-11,2024,December,12,11,-0.6020053127691172
2023-12-12,639408,12-12,2023,December,12,12,0.5839291144561292
2024-12-12,275026,12-12,2024,December,12,12,-0.6080467626115985
2023-12-13,676998,12-13,2023,December,12,13,0.7266774652765481
2024-12-13,250972,12-13,2024,December,12,13,-0.6759220706503867
2023-12-14,619622,12-14,2023,December,12,14,0.5087916079561874
2024-12-14,194243,12-14,2024,December,12,14,-0.8359993280600656
2023-12-15,498272,12-15,2023,December,12,15,0.04796393112570464
2024-12-15,203769,12-15,2024,December,12,15,-0.8091189678547984
2023-12-16,388200,12-16,2023,December,12,16,-0.37003544294998464
2024-12-16,252431,12-16,2024,December,12,16,-0.6718050807764119
2023-12-17,453154,12-17,2023,December,12,17,-0.12337206494547559
2024-12-17,247251,12-17,2024,December,12,17,-0.6864219468128683
2023-12-18,582852,12-18,2023,December,12,18,0.36915721424331677
2024-12-18,242618,12-18,2024,December,12,18,-0.6994952943701853
2023-12-19,517586,12-19,2023,December,12,19,0.1213090135344722
2024-12-19,224976,12-19,2024,December,12,19,-0.749277292558441
2023-12-20,532662,12-20,2023,December,12,20,0.17856025420934948
2024-12-20,224828,12-20,2024,December,12,20,-0.7496949173023397
2023-12-21,487856,12-21,2023,December,12,21,0.008409080842504737
2024-12-21,188523,12-21,2024,December,12,21,-0.8521399600539905
2023-12-22,526010,12-22,2023,December,12,22,0.1532992265515302
2024-12-22,190731,12-22,2024,December,12,22,-0.8459094503612307
2023-12-23,373598,12-23,2023,December,12,23,-0.42548666451635225
2024-12-23,204260,12-23,2024,December,12,23,-0.8077334695490263
2023-12-24,356222,12-24,2023,December,12,24,-0.49147217512703595
2024-12-24,186674,12-24,2024,December,12,24,-0.8573574475639147
2023-12-25,370208,12-25,2023,December,12,25,-0.4383602188999974
2024-12-25,190885,12-25,2024,December,12,25,-0.8454748948844711
2023-12-26,423964,12-26,2023,December,12,26,-0.23422134295686242
2024-12-26,195680,12-26,2024,December,12,26,-0.8319444175399135
2023-12-27,455916,12-27,2023,December,12,27,-0.11288334600517239
2024-12-27,186563,12-27,2024,December,12,27,-0.8576706661218388
2023-12-28,494908,12-28,2023,December,12,28,0.0351891119674208
2024-12-28,183270,12-28,2024,December,12,28,-0.8669628166735861
2023-12-29,462606,12-29,2023,December,12,29,-0.0874780130179789
2024-12-29,206723,12-29,2024,December,12,29,-0.8007834037096841
2023-12-30,415684,12-30,2023,December,12,30,-0.2656647147257656
2024-12-30,263978,12-30,2024,December,12,30,-0.6392218853858785
2023-12-31,373858,12-31,2023,December,12,31,-0.42449931226273935
2024-12-31,194606,12-31,2024,December,12,31,-0.8349750187219896
